id,theme_id,word,created_at
550e8400-e29b-41d4-a716-446655440101,550e8400-e29b-41d4-a716-446655440001,U.K,
550e8400-e29b-41d4-a716-446655440102,550e8400-e29b-41d4-a716-446655440001,France,
550e8400-e29b-41d4-a716-446655440103,550e8400-e29b-41d4-a716-446655440001,Germany,
550e8400-e29b-41d4-a716-446655440104,550e8400-e29b-41d4-a716-446655440001,Canada,
550e8400-e29b-41d4-a716-446655440105,550e8400-e29b-41d4-a716-446655440001,Spain,
550e8400-e29b-41d4-a716-446655440106,550e8400-e29b-41d4-a716-446655440001,U.S.A,
550e8400-e29b-41d4-a716-446655440107,550e8400-e29b-41d4-a716-446655440001,Mexico,
550e8400-e29b-41d4-a716-446655440108,550e8400-e29b-41d4-a716-446655440001,China,
550e8400-e29b-41d4-a716-446655440109,550e8400-e29b-41d4-a716-446655440001,Japan,
550e8400-e29b-41d4-a716-446655440110,550e8400-e29b-41d4-a716-446655440001,Italy,
550e8400-e29b-41d4-a716-446655440111,550e8400-e29b-41d4-a716-446655440001,India,
550e8400-e29b-41d4-a716-446655440112,550e8400-e29b-41d4-a716-446655440001,Russia,
550e8400-e29b-41d4-a716-446655440113,550e8400-e29b-41d4-a716-446655440001,Brazil,
550e8400-e29b-41d4-a716-446655440114,550e8400-e29b-41d4-a716-446655440001,Australia,
550e8400-e29b-41d4-a716-446655440115,550e8400-e29b-41d4-a716-446655440001,Egypt,
550e8400-e29b-41d4-a716-446655440116,550e8400-e29b-41d4-a716-446655440001,Nigeria,
550e8400-e29b-41d4-a716-446655440201,550e8400-e29b-41d4-a716-446655440002,Electric Guitar,
550e8400-e29b-41d4-a716-446655440202,550e8400-e29b-41d4-a716-446655440002,Bass Guitar,
550e8400-e29b-41d4-a716-446655440203,550e8400-e29b-41d4-a716-446655440002,Clarinet,
550e8400-e29b-41d4-a716-446655440204,550e8400-e29b-41d4-a716-446655440002,Harp,
550e8400-e29b-41d4-a716-446655440205,550e8400-e29b-41d4-a716-446655440002,Piano,
550e8400-e29b-41d4-a716-446655440206,550e8400-e29b-41d4-a716-446655440002,Saxophone,
550e8400-e29b-41d4-a716-446655440207,550e8400-e29b-41d4-a716-446655440002,Trumpet,
550e8400-e29b-41d4-a716-446655440208,550e8400-e29b-41d4-a716-446655440002,Bagpipes,
550e8400-e29b-41d4-a716-446655440209,550e8400-e29b-41d4-a716-446655440002,Violin,
550e8400-e29b-41d4-a716-446655440210,550e8400-e29b-41d4-a716-446655440002,Cello,
550e8400-e29b-41d4-a716-446655440211,550e8400-e29b-41d4-a716-446655440002,Voice,
550e8400-e29b-41d4-a716-446655440212,550e8400-e29b-41d4-a716-446655440002,Harmonica,
550e8400-e29b-41d4-a716-446655440213,550e8400-e29b-41d4-a716-446655440002,Drums,
550e8400-e29b-41d4-a716-446655440214,550e8400-e29b-41d4-a716-446655440002,Flute,
550e8400-e29b-41d4-a716-446655440215,550e8400-e29b-41d4-a716-446655440002,Ukulele,
550e8400-e29b-41d4-a716-446655440216,550e8400-e29b-41d4-a716-446655440002,Banjo,
550e8400-e29b-41d4-a716-446655440301,550e8400-e29b-41d4-a716-446655440003,Octopus,
550e8400-e29b-41d4-a716-446655440302,550e8400-e29b-41d4-a716-446655440003,Lobster,
550e8400-e29b-41d4-a716-446655440303,550e8400-e29b-41d4-a716-446655440003,Crab,
550e8400-e29b-41d4-a716-446655440304,550e8400-e29b-41d4-a716-446655440003,Sea turtle,
550e8400-e29b-41d4-a716-446655440305,550e8400-e29b-41d4-a716-446655440003,Starfish,
550e8400-e29b-41d4-a716-446655440306,550e8400-e29b-41d4-a716-446655440003,Seal,
550e8400-e29b-41d4-a716-446655440307,550e8400-e29b-41d4-a716-446655440003,Giant Squid,
550e8400-e29b-41d4-a716-446655440308,550e8400-e29b-41d4-a716-446655440003,Clownfish,
550e8400-e29b-41d4-a716-446655440309,550e8400-e29b-41d4-a716-446655440003,Shark,
550e8400-e29b-41d4-a716-446655440310,550e8400-e29b-41d4-a716-446655440003,Dolphin,
550e8400-e29b-41d4-a716-446655440311,550e8400-e29b-41d4-a716-446655440003,Seahorse,
550e8400-e29b-41d4-a716-446655440312,550e8400-e29b-41d4-a716-446655440003,Swordfish,
550e8400-e29b-41d4-a716-446655440313,550e8400-e29b-41d4-a716-446655440003,Jellyfish,
550e8400-e29b-41d4-a716-446655440314,550e8400-e29b-41d4-a716-446655440003,Killer Whale,
550e8400-e29b-41d4-a716-446655440315,550e8400-e29b-41d4-a716-446655440003,Stingray,
550e8400-e29b-41d4-a716-446655440316,550e8400-e29b-41d4-a716-446655440003,Mermaid,
550e8400-e29b-41d4-a716-446655440401,550e8400-e29b-41d4-a716-446655440004,Rock,
550e8400-e29b-41d4-a716-446655440402,550e8400-e29b-41d4-a716-446655440004,Hip Hop,
550e8400-e29b-41d4-a716-446655440403,550e8400-e29b-41d4-a716-446655440004,Rap,
550e8400-e29b-41d4-a716-446655440404,550e8400-e29b-41d4-a716-446655440004,Country,
550e8400-e29b-41d4-a716-446655440405,550e8400-e29b-41d4-a716-446655440004,Heavy Metal,
550e8400-e29b-41d4-a716-446655440406,550e8400-e29b-41d4-a716-446655440004,Pop,
550e8400-e29b-41d4-a716-446655440407,550e8400-e29b-41d4-a716-446655440004,Punk,
550e8400-e29b-41d4-a716-446655440408,550e8400-e29b-41d4-a716-446655440004,House,
550e8400-e29b-41d4-a716-446655440409,550e8400-e29b-41d4-a716-446655440004,Classical,
550e8400-e29b-41d4-a716-446655440410,550e8400-e29b-41d4-a716-446655440004,Techno,
550e8400-e29b-41d4-a716-446655440411,550e8400-e29b-41d4-a716-446655440004,Indie,
550e8400-e29b-41d4-a716-446655440412,550e8400-e29b-41d4-a716-446655440004,Disco,
550e8400-e29b-41d4-a716-446655440413,550e8400-e29b-41d4-a716-446655440004,Funk,
550e8400-e29b-41d4-a716-446655440414,550e8400-e29b-41d4-a716-446655440004,Blues,
550e8400-e29b-41d4-a716-446655440415,550e8400-e29b-41d4-a716-446655440004,Christmas,
550e8400-e29b-41d4-a716-446655440416,550e8400-e29b-41d4-a716-446655440004,Reggae,
550e8400-e29b-41d4-a716-446655440501,550e8400-e29b-41d4-a716-446655440005,New York City,
550e8400-e29b-41d4-a716-446655440502,550e8400-e29b-41d4-a716-446655440005,Moscow,
550e8400-e29b-41d4-a716-446655440503,550e8400-e29b-41d4-a716-446655440005,Delhi,
550e8400-e29b-41d4-a716-446655440504,550e8400-e29b-41d4-a716-446655440005,London,
550e8400-e29b-41d4-a716-446655440505,550e8400-e29b-41d4-a716-446655440005,Paris,
550e8400-e29b-41d4-a716-446655440506,550e8400-e29b-41d4-a716-446655440005,Rome,
550e8400-e29b-41d4-a716-446655440507,550e8400-e29b-41d4-a716-446655440005,Rio de Janeiro,
550e8400-e29b-41d4-a716-446655440508,550e8400-e29b-41d4-a716-446655440005,Sydney,
550e8400-e29b-41d4-a716-446655440509,550e8400-e29b-41d4-a716-446655440005,Tokyo,
550e8400-e29b-41d4-a716-446655440510,550e8400-e29b-41d4-a716-446655440005,Athens,
550e8400-e29b-41d4-a716-446655440511,550e8400-e29b-41d4-a716-446655440005,Cairo,
550e8400-e29b-41d4-a716-446655440512,550e8400-e29b-41d4-a716-446655440005,Hong Kong,
550e8400-e29b-41d4-a716-446655440513,550e8400-e29b-41d4-a716-446655440005,Chicago,
550e8400-e29b-41d4-a716-446655440514,550e8400-e29b-41d4-a716-446655440005,L.A.,
550e8400-e29b-41d4-a716-446655440515,550e8400-e29b-41d4-a716-446655440005,San Francisco,
550e8400-e29b-41d4-a716-446655440516,550e8400-e29b-41d4-a716-446655440005,Barcelona,